{
    "observation.image_0": {
        "intrinsic": {
            "width": 480,
            "height": 480,
            "fovy_degrees": 45.0,
            "focal_length": 579.4112549695428,
            "matrix": [
                [
                    579.4112549695428,
                    0.0,
                    240.0
                ],
                [
                    0.0,
                    579.4112549695428,
                    240.0
                ],
                [
                    0.0,
                    0.0,
                    1.0
                ]
            ]
        },
        "extrinsic": {
            "position": [
                0.8449,
                -0.7853,
                1.209
            ],
            "rotation_matrix": [
                [
                    0.6703946762750767,
                    0.1458798647020318,
                    -0.7275232251251862
                ],
                [
                    0.7420047014161912,
                    -0.13184495754783146,
                    0.6573020083990919
                ],
                [
                    -3.314067805831877e-05,
                    -0.9804774205680251,
                    -0.19663170308464514
                ]
            ],
            "matrix": [
                [
                    0.6703946762750767,
                    0.1458798647020318,
                    -0.7275232251251862,
                    0.8449
                ],
                [
                    0.7420047014161912,
                    -0.13184495754783146,
                    0.6573020083990919,
                    -0.3853
                ],
                [
                    -3.314067805831877e-05,
                    -0.9804774205680251,
                    -0.19663170308464514,
                    0.42900000000000005
                ],
                [
                    0.0,
                    0.0,
                    0.0,
                    1.0
                ]
            ]
        }
    },
    "observation.image_1": {
        "intrinsic": {
            "width": 480,
            "height": 480,
            "fovy_degrees": 45.0,
            "focal_length": 579.4112549695428,
            "matrix": [
                [
                    579.4112549695428,
                    0.0,
                    240.0
                ],
                [
                    0.0,
                    579.4112549695428,
                    240.0
                ],
                [
                    0.0,
                    0.0,
                    1.0
                ]
            ]
        },
        "extrinsic": {
            "position": [
                1.0851,
                0.909,
                1.3
            ],
            "rotation_matrix": [
                [
                    -0.6703946762750767,
                    0.1458798647020318,
                    -0.7275232251251862
                ],
                [
                    0.7420047014161912,
                    0.1318449575478315,
                    -0.6573020083990919
                ],
                [
                    3.314067805831877e-05,
                    -0.9804774205680251,
                    -0.19663170308464512
                ]
            ],
            "matrix": [
                [
                    -0.6703946762750767,
                    0.1458798647020318,
                    -0.7275232251251862,
                    1.0851
                ],
                [
                    0.7420047014161912,
                    0.1318449575478315,
                    -0.6573020083990919,
                    1.3090000000000002
                ],
                [
                    3.314067805831877e-05,
                    -0.9804774205680251,
                    -0.19663170308464512,
                    0.52
                ],
                [
                    0.0,
                    0.0,
                    0.0,
                    1.0
                ]
            ]
        }
    },
    "observation.image_2": {
        "intrinsic": {
            "width": 480,
            "height": 480,
            "fovy_degrees": 45.0,
            "focal_length": 579.4112549695428,
            "matrix": [
                [
                    579.4112549695428,
                    0.0,
                    240.0
                ],
                [
                    0.0,
                    579.4112549695428,
                    240.0
                ],
                [
                    0.0,
                    0.0,
                    1.0
                ]
            ]
        },
        "extrinsic": {
            "position": [
                -0.8449,
                -0.7853,
                1.209
            ],
            "rotation_matrix": [
                [
                    0.6703946762750767,
                    -0.1458798647020318,
                    0.7275232251251862
                ],
                [
                    -0.7420047014161912,
                    -0.13184495754783146,
                    0.6573020083990919
                ],
                [
                    3.314067805831877e-05,
                    -0.9804774205680251,
                    -0.19663170308464514
                ]
            ],
            "matrix": [
                [
                    0.6703946762750767,
                    -0.1458798647020318,
                    0.7275232251251862,
                    -0.8449
                ],
                [
                    -0.7420047014161912,
                    -0.13184495754783146,
                    0.6573020083990919,
                    -0.3853
                ],
                [
                    3.314067805831877e-05,
                    -0.9804774205680251,
                    -0.19663170308464514,
                    0.42900000000000005
                ],
                [
                    0.0,
                    0.0,
                    0.0,
                    1.0
                ]
            ]
        }
    },
    "observation.image_3": {
        "intrinsic": {
            "width": 480,
            "height": 480,
            "fovy_degrees": 45.0,
            "focal_length": 579.4112549695428,
            "matrix": [
                [
                    579.4112549695428,
                    0.0,
                    240.0
                ],
                [
                    0.0,
                    579.4112549695428,
                    240.0
                ],
                [
                    0.0,
                    0.0,
                    1.0
                ]
            ]
        },
        "extrinsic": {
            "position": [
                -1.0851,
                0.909,
                1.3
            ],
            "rotation_matrix": [
                [
                    -0.6703946762750767,
                    -0.1458798647020318,
                    0.7275232251251862
                ],
                [
                    -0.7420047014161912,
                    0.1318449575478315,
                    -0.6573020083990919
                ],
                [
                    -3.314067805831877e-05,
                    -0.9804774205680251,
                    -0.19663170308464512
                ]
            ],