{
    "observation.image_0": {
        "intrinsic": {
            "width": 480,
            "height": 480,
            "fovy_degrees": 45.0,
            "focal_length": 579.4112549695428,
            "matrix": [
                [
                    579.4112549695428,
                    0.0,
                    240.0
                ],
                [
                    0.0,
                    579.4112549695428,
                    240.0
                ],
                [
                    0.0,
                    0.0,
                    1.0
                ]
            ]
        },
        "extrinsic": {
            "position": [
                0.6163,
                -0.9776,
                1.1414
            ],
            "rotation_matrix": [
                [
                    0.8369365714890212,
                    0.02203217659647544,
                    -0.5468562503058956
                ],
                [
                    0.5435545290245354,
                    -0.150156463486183,
                    0.8258338273831112
                ],
                [
                    -0.06391908385700024,
                    -0.9884167236888217,
                    -0.137647125110325
                ]
            ],
            "matrix": [
                [
                    0.8369365714890212,
                    0.02203217659647544,
                    -0.5468562503058956,
                    0.6163
                ],
                [
                    0.5435545290245354,
                    -0.150156463486183,
                    0.8258338273831112,
                    -0.5776
                ],
                [
                    -0.06391908385700024,
                    -0.9884167236888217,
                    -0.137647125110325,
                    0.36139999999999994
                ],
                [
                    0.0,
                    0.0,
                    0.0,
                    1.0
                ]
            ]
        }
    },
    "observation.image_1": {
        "intrinsic": {
            "width": 480,
            "height": 480,
            "fovy_degrees": 45.0,
            "focal_length": 579.4112549695428,
            "matrix": [
                [
                    579.4112549695428,
                    0.0,
                    240.0
                ],
                [
                    0.0,
                    579.4112549695428,
                    240.0
                ],
                [
                    0.0,
                    0.0,
                    1.0
                ]
            ]
        },
        "extrinsic": {
            "position": [
                1.0343,
                0.7298,
                1.3677
            ],
            "rotation_matrix": [
                [
                    -0.6005601036406737,
                    0.24050506328291127,
                    -0.7625515565851176
                ],
                [
                    0.7970168406094638,
                    0.10376767448988405,
                    -0.5949759873439178
                ],
                [
                    -0.06396653578248268,
                    -0.9650852730542747,
                    -0.25400531103452156
                ]
            ],
            "matrix": [
                [
                    -0.6005601036406737,
                    0.24050506328291127,
                    -0.7625515565851176,
                    1.0343
                ],
                [
                    0.7970168406094638,
                    0.10376767448988405,
                    -0.5949759873439178,
                    1.1298
                ],
                [
                    -0.06396653578248268,
                    -0.9650852730542747,
                    -0.25400531103452156,
                    0.5876999999999999
                ],
                [
                    0.0,
                    0.0,
                    0.0,
                    1.0
                ]
            ]
        }
    },
    "observation.image_2": {
        "intrinsic": {
            "width": 480,
            "height": 480,
            "fovy_degrees": 45.0,
            "focal_length": 579.4112549695428,
            "matrix": [
                [
                    579.4112549695428,
                    0.0,
                    240.0
                ],
                [
                    0.0,
                    579.4112549695428,
                    240.0
                ],
                [
                    0.0,
                    0.0,
                    1.0
                ]
            ]
        },
        "extrinsic": {
            "position": [
                -0.6163,
                -0.9776,
                1.1414
            ],
            "rotation_matrix": [
                [
                    0.8369365714890212,
                    -0.02203217659647544,
                    0.5468562503058956
                ],
                [
                    -0.5435545290245354,
                    -0.150156463486183,
                    0.8258338273831112
                ],
                [
                    0.06391908385700024,
                    -0.9884167236888217,
                    -0.137647125110325
                ]
            ],
            "matrix": [
                [
                    0.8369365714890212,
                    -0.02203217659647544,
                    0.5468562503058956,
                    -0.6163
                ],
                [
                    -0.5435545290245354,
                    -0.150156463486183,
                    0.8258338273831112,
                    -0.5776
                ],
                [
                    0.06391908385700024,
                    -0.9884167236888217,
                    -0.137647125110325,
                    0.36139999999999994
                ],
                [
                    0.0,
                    0.0,
                    0.0,
                    1.0
                ]
            ]
        }
    },
    "observation.image_3": {
        "intrinsic": {
            "width": 480,
            "height": 480,
            "fovy_degrees": 45.0,
            "focal_length": 579.4112549695428,
            "matrix": [
                [
                    579.4112549695428,
                    0.0,
                    240.0
                ],
                [
                    0.0,
                    579.4112549695428,
                    240.0
                ],
                [
                    0.0,
                    0.0,
                    1.0
                ]
            ]
        },
        "extrinsic": {
            "position": [
                -1.0343,
                0.7298,
                1.3677
            ],
            "rotation_matrix": [
                [
                    -0.6005601036406737,
                    -0.24050506328291127,
                    0.7625515565851176
                ],
                [
                    -0.7970168406094638,
                    0.10376767448988405,
                    -0.5949759873439178
                ],
                [
                    0.06396653578248268,
                    -0.9650852730542747,
                    -0.25400531103452156
                ]
            ],